timestamp          , temperature      , humidity          , pressure
2025-07-23 10:04:46, 80.04448318481445, 41.01197052001953 , 955.974365234375
2025-07-23 10:04:47, 80.01189842224122, 41.030635833740234, 955.94970703125
2025-07-23 10:04:48, 80.04448318481445, 41.04619216918945 , 955.955322265625
2025-07-23 10:04:49, 80.07707138061524, 41.285736083984375, 955.94921875
2025-07-23 10:04:50, 80.04448318481445, 41.41639709472656 , 955.966064453125
2025-07-23 10:04:51, 80.14224433898926, 41.338623046875   , 955.969970703125
2025-07-23 10:04:52, 79.94672546386718, 41.47550582885742 , 955.958740234375
2025-07-23 10:04:53, 79.91414070129395, 41.2172966003418  , 955.912841796875
2025-07-23 10:04:54, 79.91414070129395, 41.16440963745117 , 955.967529296875
2025-07-23 10:04:55, 80.20741729736328, 41.22351837158203 , 955.94775390625
2025-07-23 10:04:56, 80.07707138061524, 40.6075439453125  , 955.96044921875
2025-07-23 10:04:57, 80.1748291015625 , 41.17685317993164 , 955.931396484375
2025-07-23 10:04:58, 80.1748291015625 , 41.99192810058594 , 955.94287109375
2025-07-23 10:04:59, 80.04448318481445, 42.016815185546875, 955.969970703125
2025-07-23 10:05:00, 80.07707138061524, 41.31062316894531 , 955.932373046875
2025-07-23 10:05:01, 80.01189842224122, 41.183074951171875, 955.947021484375
2025-07-23 10:05:02, 80.14224433898926, 41.270179748535156, 955.954833984375
2025-07-23 10:05:03, 79.97931365966797, 41.51594924926758 , 955.951904296875
2025-07-23 10:05:04, 80.01189842224122, 41.599945068359375, 955.958984375
2025-07-23 10:05:05, 79.58827590942383, 41.587501525878906, 955.941650390625
2025-07-23 10:05:06, 79.58827590942383, 40.977752685546875, 955.851806640625
2025-07-23 10:05:07, 79.7837947845459 , 41.63105392456055 , 955.76123046875
2025-07-23 10:05:08, 79.94672546386718, 41.394622802734375, 955.7314453125
2025-07-23 10:05:09, 80.10965614318847, 41.646610260009766, 955.760009765625
2025-07-23 10:05:10, 79.91414070129395, 41.388397216796875, 955.73828125
2025-07-23 10:05:11, 78.31741523742676, 41.030635833740234, 955.748291015625
2025-07-23 10:05:12, 76.81845092773438, 41.31684875488281 , 955.80419921875
2025-07-23 10:05:13, 76.03638229370117, 41.56261444091797 , 955.85888671875
2025-07-23 10:05:14, 75.64534454345703, 41.895484924316406, 955.87646484375
2025-07-23 10:05:15, 75.87344818115234, 41.51594924926758 , 955.8564453125
2025-07-23 10:05:16, 75.41724433898926, 41.7741584777832  , 955.826904296875
2025-07-23 10:05:17, 74.66776046752929, 41.78971481323242 , 955.737548828125
2025-07-23 10:05:18, 74.57000274658203, 41.78349304199219 , 955.7158203125
2025-07-23 10:05:19, 73.7227611541748 , 41.84882354736328 , 955.799560546875
2025-07-23 10:05:20, 73.10362319946289, 42.271915435791016, 955.78271484375
2025-07-23 10:05:21, 72.97327728271485, 42.35902404785156 , 955.86865234375
2025-07-23 10:05:22, 72.15862045288085, 44.110496520996094, 955.986083984375
2025-07-23 10:05:23, 71.83275909423828, 42.45857238769531 , 955.97021484375
2025-07-23 10:05:24, 71.47431297302246, 42.7945556640625  , 956.027587890625
2025-07-23 10:05:25, 71.21362113952637, 42.91588592529297 , 955.973876953125
2025-07-23 10:05:26, 71.93052024841309, 42.760337829589844, 956.0166015625
2025-07-23 10:05:27, 73.03845024108887, 42.735450744628906, 956.041259765625
2025-07-23 10:05:28, 72.97327728271485, 43.699851989746094, 956.068603515625
2025-07-23 10:05:29, 72.97327728271485, 43.472747802734375, 956.0908203125
2025-07-23 10:05:30, 73.55983047485351, 43.81806945800781 , 956.05224609375
2025-07-23 10:05:31, 73.49465751647949, 44.36248779296875 , 956.032470703125
2025-07-23 10:05:32, 73.49465751647949, 44.39048767089844 , 956.053955078125
2025-07-23 10:05:33, 73.78793411254883, 44.44648361206055 , 956.0830078125
2025-07-23 10:05:34, 73.82051887512208, 44.40915298461914 , 956.109375
2025-07-23 10:05:35, 73.82051887512208, 44.667362213134766, 956.126220703125
2025-07-23 10:05:36, 73.75534591674804, 44.96601486206055 , 956.1015625
2025-07-23 10:05:37, 73.75534591674804, 45.62242889404297 , 956.078857421875
2025-07-23 10:05:38, 73.98344955444335, 45.11223220825195 , 956.064697265625
2025-07-23 10:05:39, 74.11379547119141, 44.99712371826172 , 956.079345703125
2025-07-23 10:05:40, 74.30931091308594, 45.354888916015625, 955.999755859375
2025-07-23 10:05:41, 74.30931091308594, 45.130897521972656, 955.977783203125
2025-07-23 10:05:42, 74.2767261505127 , 45.31133270263672 , 955.939697265625
2025-07-23 10:05:43, 74.57000274658203, 45.43577194213867 , 955.91796875
2025-07-23 10:05:44, 74.70034523010254, 45.11845397949219 , 955.91015625
2025-07-23 10:05:45, 74.57000274658203, 44.399818420410156, 955.88916015625
2025-07-23 10:05:46, 74.66776046752929, 45.4046630859375  , 955.8837890625
2025-07-23 10:05:47, 74.8958641052246 , 45.69709396362305 , 955.867919921875
2025-07-23 10:05:48, 74.8958641052246 , 45.73442459106445 , 955.86572265625
2025-07-23 10:05:49, 75.02621002197266, 45.62865447998047 , 955.87646484375
2025-07-23 10:05:50, 74.99362182617188, 45.619319915771484, 955.894775390625
2025-07-23 10:05:51, 75.09137954711915, 45.980194091796875, 955.877197265625
2025-07-23 10:05:52, 75.28689842224121, 46.05485534667969 , 955.895263671875
2025-07-23 10:05:53, 75.41724433898926, 45.861976623535156, 955.85546875
2025-07-23 10:05:54, 75.28689842224121, 45.70642852783203 , 955.8720703125
2025-07-23 10:05:55, 75.4498291015625 , 46.01752471923828 , 955.85205078125
2025-07-23 10:05:56, 75.51500205993652, 45.89619445800781 , 955.866455078125
2025-07-23 10:05:57, 75.18914070129395, 46.272621154785156, 955.863037109375
2025-07-23 10:05:58, 75.54758682250977, 45.675315856933594, 955.846923828125
2025-07-23 10:05:59, 75.80827865600585, 46.37217330932617 , 955.826171875
2025-07-23 10:06:00, 75.8408634185791 , 46.67082977294922 , 955.87744140625
2025-07-23 10:06:01, 75.87344818115234, 46.66460418701172 , 955.87353515625
2025-07-23 10:06:02, 75.71051750183105, 46.275733947753906, 955.852783203125
2025-07-23 10:06:03, 76.0037940979004 , 46.25084686279297 , 955.8505859375
2025-07-23 10:06:04, 75.93862113952636, 46.37528610229492 , 955.8525390625
2025-07-23 10:06:05, 75.54758682250977, 46.487281799316406, 955.83837890625
2025-07-23 10:06:06, 76.19931297302246, 46.390838623046875, 955.841796875
2025-07-23 10:06:07, 76.19931297302246, 46.720603942871094, 955.787353515625
2025-07-23 10:06:08, 76.26448593139648, 46.93526077270508 , 955.8232421875
2025-07-23 10:06:09, 76.26448593139648, 45.544654846191406, 955.911376953125
2025-07-23 10:06:10, 76.23189773559571, 46.617942810058594, 955.97998046875
2025-07-23 10:06:11, 76.46000137329102, 46.66460418701172 , 955.967041015625
2025-07-23 10:06:12, 76.55775909423828, 46.62727355957031 , 955.991455078125
2025-07-23 10:06:13, 76.42741661071777, 46.067298889160156, 955.96728515625
2025-07-23 10:06:14, 76.68810501098633, 46.649051666259766, 955.9697265625
2025-07-23 10:06:15, 76.55775909423828, 46.381507873535156, 955.951904296875
2025-07-23 10:06:16, 76.55775909423828, 46.813934326171875, 955.949951171875
2025-07-23 10:06:17, 76.94879684448242, 46.33173370361328 , 955.943359375
2025-07-23 10:06:18, 76.75327796936035, 46.25084686279297 , 955.964111328125
2025-07-23 10:06:19, 76.75327796936035, 46.16685104370117 , 955.996337890625
2025-07-23 10:06:20, 77.0139663696289 , 47.128143310546875, 955.95751953125
2025-07-23 10:06:21, 76.98138160705567, 47.57923126220703 , 955.950927734375
2025-07-23 10:06:22, 76.98138160705567, 46.173072814941406, 955.958251953125
2025-07-23 10:06:24, 77.1768970489502 , 48.00543212890625 , 955.96142578125
2025-07-23 10:06:25, 77.04655456542969, 48.01165771484375 , 955.9765625
2025-07-23 10:06:26, 77.24207000732422, 47.946327209472656, 955.974365234375
2025-07-23 10:06:27, 77.274658203125  , 47.98054504394531 , 956.00634765625
2025-07-23 10:06:28, 77.24207000732422, 48.1112060546875  , 955.976318359375
2025-07-23 10:06:29, 76.75327796936035, 47.87788391113281 , 955.972412109375
2025-07-23 10:06:30, 77.1768970489502 , 47.750335693359375, 955.95654296875
2025-07-23 10:06:31, 77.24207000732422, 48.24497985839844 , 955.953857421875
2025-07-23 10:06:32, 77.40500068664551, 49.38981628417969 , 955.939453125
2025-07-23 10:06:33, 77.53534660339355, 48.08631896972656 , 955.949951171875
2025-07-23 10:06:34, 77.40500068664551, 48.257423400878906, 955.943115234375
2025-07-23 10:06:35, 77.63310432434082, 47.82499694824219 , 955.9599609375
2025-07-23 10:06:36, 77.69827728271484, 47.958770751953125, 955.932861328125
2025-07-23 10:06:37, 77.60051956176758, 47.89655303955078 , 955.9755859375
2025-07-23 10:06:38, 77.86120796203613, 47.523231506347656, 955.98583984375
2025-07-23 10:06:39, 77.63310432434082, 47.77210998535156 , 955.931640625
2025-07-23 10:06:40, 77.6656925201416 , 47.77833557128906 , 955.957763671875
2025-07-23 10:06:41, 77.89379272460937, 47.42990493774414 , 956.00732421875
2025-07-23 10:06:42, 77.79603500366211, 47.426795959472656, 955.9912109375
2025-07-23 10:06:43, 77.8286231994629 , 47.35523986816406 , 956.017578125
2025-07-23 10:06:44, 77.99155387878417, 46.932151794433594, 955.99609375
2025-07-23 10:06:45, 78.25224227905274, 46.88859558105469 , 955.96875
2025-07-23 10:06:46, 78.02413864135742, 46.65838623046875 , 955.9765625
2025-07-23 10:06:47, 78.08931159973145, 46.823265075683594, 955.9794921875
2025-07-23 10:06:48, 78.08931159973145, 46.58372116088867 , 955.966796875
2025-07-23 10:06:49, 78.05672683715821, 46.49039077758789 , 955.92919921875
2025-07-23 10:06:50, 78.25224227905274, 45.986412048339844, 955.980712890625
2025-07-23 10:06:51, 77.99155387878417, 45.93975067138672 , 955.96484375
2025-07-23 10:06:52, 78.21965751647949, 46.16062927246094 , 955.9619140625
2025-07-23 10:06:53, 78.18707275390625, 45.9241943359375  , 955.975341796875
2025-07-23 10:06:54, 78.15448455810547, 45.91486358642578 , 955.97705078125
2025-07-23 10:06:55, 78.18707275390625, 45.65665054321289 , 955.961181640625
2025-07-23 10:06:56, 78.35            , 47.20591735839844 , 955.94970703125
2025-07-23 10:06:57, 78.31741523742676, 45.5259895324707  , 955.979736328125
2025-07-23 10:06:58, 78.25224227905274, 45.24289321899414 , 955.936767578125
2025-07-23 10:06:59, 78.31741523742676, 45.42955017089844 , 955.93896484375
2025-07-23 10:07:00, 78.21965751647949, 45.51976776123047 , 955.92724609375
2025-07-23 10:07:01, 78.31741523742676, 45.308223724365234, 955.9267578125
2025-07-23 10:07:02, 78.35            , 44.95668411254883 , 955.920654296875
2025-07-23 10:07:03, 78.48034591674805, 44.723358154296875, 955.934326171875
2025-07-23 10:07:04, 78.38258819580078, 43.478973388671875, 955.93359375
2025-07-23 10:07:05, 78.31741523742676, 44.68602752685547 , 955.918212890625
2025-07-23 10:07:06, 78.48034591674805, 44.819801330566406, 955.909423828125
2025-07-23 10:07:07, 78.35            , 44.67047119140625 , 955.922119140625
2025-07-23 10:07:08, 78.48034591674805, 44.85091018676758 , 955.930419921875
2025-07-23 10:07:09, 78.4477611541748 , 44.56781005859375 , 955.900146484375
2025-07-23 10:07:10, 78.54551887512207, 44.59580993652344 , 955.918212890625
2025-07-23 10:07:11, 78.74103775024415, 44.1727180480957  , 955.9169921875
2025-07-23 10:07:12, 78.5781036376953 , 44.042057037353516, 955.915283203125
2025-07-23 10:07:13, 78.5781036376953 , 44.262935638427734, 955.87548828125
2025-07-23 10:07:14, 78.67586479187011, 44.46514892578125 , 955.935302734375
2025-07-23 10:07:15, 78.64327659606934, 44.297157287597656, 955.902099609375
2025-07-23 10:07:16, 78.54551887512207, 44.312713623046875, 955.9150390625
2025-07-23 10:07:17, 78.64327659606934, 44.396705627441406, 955.91796875
2025-07-23 10:07:18, 78.61069183349609, 44.01716995239258 , 955.929443359375
2025-07-23 10:07:19, 78.70844955444336, 43.13676452636719 , 955.932373046875
2025-07-23 10:07:20, 78.64327659606934, 44.0513916015625  , 955.902099609375
2025-07-23 10:07:21, 78.80620727539062, 44.20071792602539 , 955.922607421875
2025-07-23 10:07:22, 78.77362251281738, 44.22249221801758 , 955.927978515625
2025-07-23 10:07:23, 78.54551887512207, 43.892730712890625, 955.911865234375
2025-07-23 10:07:24, 78.67586479187011, 43.93317413330078 , 955.885009765625
2025-07-23 10:07:25, 78.8387954711914 , 43.58785629272461 , 955.90576171875
2025-07-23 10:07:26, 78.54551887512207, 43.83673095703125 , 955.90478515625
2025-07-23 10:07:27, 78.96914138793946, 44.01716995239258 , 955.9248046875
2025-07-23 10:07:28, 78.8387954711914 , 43.8585090637207  , 955.943359375
2025-07-23 10:07:29, 78.87138023376465, 43.908287048339844, 955.91943359375
2025-07-23 10:07:30, 78.64327659606934, 43.254981994628906, 955.913330078125
2025-07-23 10:07:31, 78.74103775024415, 43.55052185058594 , 955.93408203125
2025-07-23 10:07:32, 78.77362251281738, 43.802513122558594, 955.939208984375
2025-07-23 10:07:33, 78.93655319213867, 43.41986083984375 , 955.927734375
2025-07-23 10:07:34, 78.96914138793946, 43.30786895751953 , 955.920654296875
2025-07-23 10:07:35, 79.06689910888672, 42.698116302490234, 955.9169921875
2025-07-23 10:07:36, 78.93655319213867, 43.55052185058594 , 955.888427734375
2025-07-23 10:07:37, 78.77362251281738, 43.23320388793945 , 955.918212890625
2025-07-23 10:07:38, 78.80620727539062, 43.54119110107422 , 955.904296875
2025-07-23 10:07:39, 79.0017261505127 , 43.373199462890625, 955.896484375
2025-07-23 10:07:40, 79.0017261505127 , 44.13227462768555 , 955.8896484375
2025-07-23 10:07:41, 79.1320686340332 , 43.491416931152344, 955.895263671875
2025-07-23 10:07:42, 79.16465682983399, 43.19276428222656 , 955.90966796875
2025-07-23 10:07:43, 78.96914138793946, 42.701229095458984, 955.916015625
2025-07-23 10:07:44, 78.96914138793946, 43.33275604248047 , 955.92822265625
2025-07-23 10:07:45, 79.0017261505127 , 43.282981872558594, 955.871337890625
2025-07-23 10:07:46, 79.09948387145997, 43.28609085083008 , 955.8701171875
2025-07-23 10:07:47, 79.19724502563477, 43.043434143066406, 955.88671875
2025-07-23 10:07:48, 79.19724502563477, 43.149208068847656, 955.907958984375
2025-07-23 10:07:49, 79.19724502563477, 42.999881744384766, 955.89794921875
2025-07-23 10:07:50, 78.96914138793946, 42.30924606323242 , 955.921875
2025-07-23 10:07:51, 79.16465682983399, 43.12120819091797 , 955.9189453125
2025-07-23 10:07:52, 79.09948387145997, 43.19898223876953 , 955.910400390625
2025-07-23 10:07:53, 79.19724502563477, 43.055877685546875, 955.911865234375
2025-07-23 10:07:54, 79.09948387145997, 43.2176513671875  , 955.90771484375
2025-07-23 10:07:55, 79.19724502563477, 43.13987731933594 , 955.876220703125
2025-07-23 10:07:56, 79.32758750915528, 43.07765579223633 , 955.86376953125
2025-07-23 10:07:57, 79.19724502563477, 43.00299072265625 , 955.8603515625
2025-07-23 10:07:58, 79.26241455078124, 42.943885803222656, 955.897705078125
2025-07-23 10:07:59, 79.22982978820801, 43.02788162231445 , 955.890380859375
2025-07-23 10:08:00, 79.16465682983399, 43.08387756347656 , 955.887939453125
2025-07-23 10:08:01, 79.03431091308593, 42.688785552978516, 955.9375
2025-07-23 10:08:02, 79.42534523010254, 42.81633377075195 , 955.908935546875
2025-07-23 10:08:03, 79.36017227172852, 43.152320861816406, 955.915771484375
2025-07-23 10:08:04, 79.22982978820801, 42.66078567504883 , 955.910888671875
2025-07-23 10:08:05, 79.22982978820801, 42.539459228515625, 955.871337890625
2025-07-23 10:08:06, 79.03431091308593, 42.377685546875   , 955.902587890625
2025-07-23 10:08:07, 79.22982978820801, 42.87544250488281 , 955.888671875
2025-07-23 10:08:08, 79.3927604675293 , 42.35591125488281 , 955.89404296875
2025-07-23 10:08:09, 79.22982978820801, 42.71367263793945 , 955.90234375
2025-07-23 10:08:10, 79.55569114685059, 42.98121643066406 , 955.892578125
2025-07-23 10:08:11, 79.16465682983399, 41.90793228149414 , 955.89111328125
2025-07-23 10:08:12, 79.29500274658203, 42.6732292175293  , 955.875732421875
2025-07-23 10:08:13, 79.42534523010254, 42.953216552734375, 955.89013671875
2025-07-23 10:08:14, 79.22982978820801, 43.15854263305664 , 955.903076171875
2025-07-23 10:08:15, 79.22982978820801, 42.70433807373047 , 955.892333984375
2025-07-23 10:08:16, 79.36017227172852, 42.77278137207031 , 955.87890625
2025-07-23 10:08:17, 79.55569114685059, 42.98432922363281 , 955.8623046875
2025-07-23 10:08:18, 79.45793342590332, 42.61723327636719 , 955.857666015625
2025-07-23 10:08:19, 79.36017227172852, 42.93455123901367 , 955.84765625
2025-07-23 10:08:20, 79.49051818847656, 42.70745086669922 , 955.863037109375
2025-07-23 10:08:22, 79.3927604675293 , 42.56123352050781 , 955.839111328125
2025-07-23 10:08:23, 79.42534523010254, 42.866111755371094, 955.86669921875
2025-07-23 10:08:24, 79.42534523010254, 42.87855529785156 , 955.8837890625
2025-07-23 10:08:25, 79.42534523010254, 42.51145935058594 , 955.88330078125
2025-07-23 10:08:26, 79.32758750915528, 42.66078567504883 , 955.896728515625
2025-07-23 10:08:27, 79.55569114685059, 42.791446685791016, 955.873291015625
2025-07-23 10:08:28, 79.45793342590332, 42.78833770751953 , 955.926025390625
2025-07-23 10:08:29, 79.55569114685059, 42.685672760009766, 955.8623046875
2025-07-23 10:08:30, 79.3927604675293 , 42.527015686035156, 955.891357421875
2025-07-23 10:08:31, 79.58827590942383, 42.62034225463867 , 955.874267578125
2025-07-23 10:08:32, 79.71862182617187, 42.449241638183594, 955.876953125
2025-07-23 10:08:33, 79.49051818847656, 42.838111877441406, 955.89208984375
2025-07-23 10:08:34, 79.55569114685059, 42.82566833496094 , 955.9130859375
2025-07-23 10:08:35, 79.45793342590332, 42.55812454223633 , 955.860595703125
2025-07-23 10:08:36, 79.65344886779785, 42.43990707397461 , 955.896240234375
2025-07-23 10:08:37, 79.62086410522461, 42.598567962646484, 955.90087890625
2025-07-23 10:08:38, 79.65344886779785, 42.74167251586914 , 955.887939453125
2025-07-23 10:08:39, 79.65344886779785, 42.62034225463867 , 955.88330078125
2025-07-23 10:08:40, 79.55569114685059, 42.76966857910156 , 955.8974609375
2025-07-23 10:08:41, 79.58827590942383, 42.67945098876953 , 955.919189453125
2025-07-23 10:08:42, 79.88155250549316, 42.523902893066406, 955.903076171875
2025-07-23 10:08:43, 79.58827590942383, 42.520790100097656, 955.891357421875
2025-07-23 10:08:44, 79.65344886779785, 42.486572265625   , 955.906494140625
2025-07-23 10:08:45, 79.52310638427734, 42.318580627441406, 955.946044921875
2025-07-23 10:08:46, 79.58827590942383, 42.20658493041992 , 955.919921875
2025-07-23 10:08:47, 79.84896774291992, 42.29369354248047 , 955.900634765625
2025-07-23 10:08:48, 80.04448318481445, 42.39635467529297 , 955.91455078125
2025-07-23 10:08:49, 79.88155250549316, 43.24876022338867 , 955.923095703125
2025-07-23 10:08:50, 79.62086410522461, 42.45235061645508 , 955.894287109375
2025-07-23 10:08:51, 79.65344886779785, 42.50834655761719 , 955.919677734375
2025-07-23 10:08:52, 79.55569114685059, 42.331024169921875, 955.890625
2025-07-23 10:08:53, 79.71862182617187, 42.62345504760742 , 955.883544921875
2025-07-23 10:08:54, 79.88155250549316, 42.645233154296875, 955.892578125
2025-07-23 10:08:55, 79.68603706359863, 42.331024169921875, 955.905029296875
2025-07-23 10:08:56, 79.97931365966797, 42.436798095703125, 955.904296875
2025-07-23 10:08:57, 79.81637954711914, 41.98259353637695 , 955.9013671875
2025-07-23 10:08:58, 79.68603706359863, 42.315467834472656, 955.912841796875
2025-07-23 10:08:59, 79.71862182617187, 41.88926696777344 , 955.902099609375
2025-07-23 10:09:00, 79.81637954711914, 41.26707077026367 , 955.879150390625
2025-07-23 10:09:01, 79.65344886779785, 42.48345947265625 , 955.89697265625
2025-07-23 10:09:02, 79.65344886779785, 42.29680252075195 , 955.892578125
2025-07-23 10:09:03, 79.68603706359863, 42.36213302612305 , 955.89892578125
2025-07-23 10:09:04, 79.55569114685059, 42.331024169921875, 955.938720703125
2025-07-23 10:09:05, 79.94672546386718, 42.13814163208008 , 955.89892578125
2025-07-23 10:09:06, 79.81637954711914, 42.3839111328125  , 955.897705078125
2025-07-23 10:09:07, 79.91414070129395, 41.56572341918945 , 955.92578125
2025-07-23 10:09:08, 79.91414070129395, 42.16303253173828 , 955.895751953125
2025-07-23 10:09:09, 79.94672546386718, 42.19414138793945 , 955.917724609375
2025-07-23 10:09:10, 79.75121002197265, 42.013702392578125, 955.887451171875
2025-07-23 10:09:11, 79.84896774291992, 40.69776153564453 , 955.91357421875
2025-07-23 10:09:12, 79.65344886779785, 42.36835479736328 , 955.913330078125
2025-07-23 10:09:13, 79.71862182617187, 42.527015686035156, 955.919677734375
2025-07-23 10:09:14, 79.94672546386718, 42.18791961669922 , 955.92529296875
2025-07-23 10:09:15, 79.97931365966797, 41.10218811035156 , 955.94287109375
2025-07-23 10:09:16, 79.94672546386718, 42.23147201538086 , 955.928955078125
2025-07-23 10:09:17, 80.07707138061524, 42.16303253173828 , 955.927490234375
2025-07-23 10:09:18, 80.07707138061524, 42.45235061645508 , 955.911376953125
2025-07-23 10:09:19, 79.58827590942383, 42.09147644042969 , 955.914794921875
2025-07-23 10:09:20, 80.10965614318847, 42.39324188232422 , 955.9111328125
2025-07-23 10:09:21, 80.07707138061524, 42.477237701416016, 955.917236328125
2025-07-23 10:09:22, 80.10965614318847, 43.41986083984375 , 955.896240234375
2025-07-23 10:09:23, 80.01189842224122, 42.88166427612305 , 955.90380859375
2025-07-23 10:09:24, 78.8387954711914 , 30.761322021484375, 955.927490234375
2025-07-23 10:09:25, 78.28483047485352, 33.39320373535156 , 955.919921875
2025-07-23 10:09:26, 78.21965751647949, 33.47719955444336 , 955.8876953125
2025-07-23 10:09:27, 78.02413864135742, 35.094905853271484, 955.88623046875
2025-07-23 10:09:28, 78.08931159973145, 36.70949935913086 , 955.895751953125
2025-07-23 10:09:29, 78.08931159973145, 37.42190933227539 , 955.927001953125
2025-07-23 10:09:30, 77.86120796203613, 38.8187370300293  , 955.910888671875
2025-07-23 10:09:31, 77.8286231994629 , 39.70225143432617 , 955.919189453125
2025-07-23 10:09:32, 77.89379272460937, 40.88753128051758 , 955.925537109375
2025-07-23 10:09:33, 77.86120796203613, 42.04170227050781 , 955.9296875
2025-07-23 10:09:34, 77.99155387878417, 42.90655517578125 , 955.908203125
2025-07-23 10:09:35, 78.51293411254883, 43.69051742553711 , 955.91552734375
2025-07-23 10:09:36, 78.67586479187011, 56.05973815917969 , 955.917724609375
2025-07-23 10:09:37, 78.96914138793946, 55.263328552246094, 955.928955078125
2025-07-23 10:09:38, 79.06689910888672, 54.613136291503906, 955.885009765625
2025-07-23 10:09:39, 79.09948387145997, 54.208709716796875, 955.900390625
2025-07-23 10:09:40, 79.36017227172852, 53.61451721191406 , 955.8876953125
2025-07-23 10:09:41, 79.52310638427734, 53.08876037597656 , 955.960205078125
2025-07-23 10:09:42, 79.52310638427734, 52.71544647216797 , 955.930419921875
2025-07-23 10:09:43, 79.65344886779785, 51.63593673706055 , 955.894775390625
2025-07-23 10:09:44, 79.3927604675293 , 51.57994079589844 , 955.8994140625
2025-07-23 10:09:45, 79.49051818847656, 51.309288024902344, 955.867919921875
2025-07-23 10:09:46, 79.45793342590332, 51.04485321044922 , 955.85107421875
2025-07-23 10:09:47, 79.52310638427734, 47.80944061279297 , 955.8427734375
2025-07-23 10:09:48, 79.75121002197265, 50.07733917236328 , 955.853271484375
2025-07-23 10:09:49, 79.81637954711914, 49.67913818359375 , 955.881103515625
2025-07-23 10:09:50, 79.84896774291992, 49.669803619384766, 955.89404296875
2025-07-23 10:09:51, 79.91414070129395, 47.35213088989258 , 955.9130859375
2025-07-23 10:09:52, 80.10965614318847, 48.997833251953125, 955.90283203125
2025-07-23 10:09:53, 80.04448318481445, 48.83295440673828 , 955.856689453125
2025-07-23 10:09:54, 80.14224433898926, 48.478302001953125, 955.878662109375
2025-07-23 10:09:55, 80.04448318481445, 48.182762145996094, 955.9130859375
2025-07-23 10:09:56, 80.27258682250977, 48.13609313964844 , 955.91162109375
2025-07-23 10:09:57, 80.10965614318847, 47.66322708129883 , 955.950439453125
2025-07-23 10:09:58, 79.91414070129395, 47.56990051269531 , 955.933349609375
2025-07-23 10:09:59, 80.14224433898926, 46.810821533203125, 955.899169921875
2025-07-23 10:10:00, 80.20741729736328, 47.14991760253906 , 955.928466796875
2025-07-23 10:10:01, 80.14224433898926, 45.917972564697266, 955.90185546875
2025-07-23 10:10:02, 80.30517501831055, 46.798377990722656, 955.9169921875
2025-07-23 10:10:03, 80.24000205993653, 46.36284255981445 , 955.905029296875
2025-07-23 10:10:04, 80.20741729736328, 46.25395965576172 , 955.947509765625
2025-07-23 10:10:05, 80.24000205993653, 46.20729446411133 , 955.944091796875
2025-07-23 10:10:06, 80.01189842224122, 45.83397674560547 , 955.985595703125
2025-07-23 10:10:07, 79.84896774291992, 45.821533203125   , 955.962646484375
2025-07-23 10:10:08, 80.24000205993653, 45.569541931152344, 955.94140625
2025-07-23 10:10:09, 80.1748291015625 , 45.22422790527344 , 955.97900390625
2025-07-23 10:10:10, 80.1748291015625 , 45.1993408203125  , 955.962890625
2025-07-23 10:10:11, 80.20741729736328, 44.80735778808594 , 955.949951171875
2025-07-23 10:10:12, 80.20741729736328, 45.06556701660156 , 955.930908203125
2025-07-23 10:10:13, 80.20741729736328, 44.69536209106445 , 955.928466796875
2025-07-23 10:10:14, 80.59844818115235, 44.84779739379883 , 955.942626953125
2025-07-23 10:10:15, 80.37034454345704, 44.36248779296875 , 955.944580078125
2025-07-23 10:10:17, 80.46810569763184, 44.37493133544922 , 955.96826171875
2025-07-23 10:10:18, 80.4029327392578 , 45.23978042602539 , 955.933837890625
2025-07-23 10:10:19, 80.53327865600586, 44.09494400024414 , 955.943359375
2025-07-23 10:10:20, 80.30517501831055, 44.104278564453125, 955.93896484375
2025-07-23 10:10:21, 80.66362113952637, 44.06694412231445 , 955.961181640625
2025-07-23 10:10:22, 80.59844818115235, 43.24876022338867 , 955.919677734375
2025-07-23 10:10:23, 80.82655181884766, 43.97361755371094 , 955.91259765625
2025-07-23 10:10:24, 80.63103637695312, 43.67807388305664 , 955.931396484375
2025-07-23 10:10:25, 80.59844818115235, 43.75273895263672 , 955.983154296875
2025-07-23 10:10:26, 80.69620933532715, 43.85228729248047 , 955.948486328125
2025-07-23 10:10:27, 80.66362113952637, 43.3016471862793  , 955.92822265625
2025-07-23 10:10:28, 80.53327865600586, 43.38875198364258 , 955.928466796875
2025-07-23 10:10:29, 80.69620933532715, 43.23942565917969 , 955.941162109375
2025-07-23 10:10:30, 80.76138229370117, 43.32342529296875 , 955.933837890625
2025-07-23 10:10:31, 80.66362113952637, 43.102542877197266, 955.9423828125
2025-07-23 10:10:32, 80.59844818115235, 43.09632110595703 , 955.927734375
2025-07-23 10:10:33, 80.33775978088379, 42.212806701660156, 955.889404296875
2025-07-23 10:10:34, 80.5658634185791 , 42.424354553222656, 955.95166015625
2025-07-23 10:10:35, 80.76138229370117, 42.56745910644531 , 955.91455078125
2025-07-23 10:10:36, 80.59844818115235, 42.965660095214844, 955.898681640625
2025-07-23 10:10:37, 80.82655181884766, 42.67945098876953 , 955.9150390625
2025-07-23 10:10:38, 80.76138229370117, 42.657676696777344, 955.920654296875
2025-07-23 10:10:39, 80.63103637695312, 42.729225158691406, 955.921142578125
2025-07-23 10:10:40, 80.76138229370117, 42.60478973388672 , 955.938232421875
2025-07-23 10:10:41, 80.89172477722168, 41.92970657348633 , 955.934814453125
2025-07-23 10:10:42, 80.5658634185791 , 43.24876022338867 , 955.9404296875
2025-07-23 10:10:43, 80.69620933532715, 42.35591125488281 , 955.932861328125
2025-07-23 10:10:44, 80.89172477722168, 42.87855529785156 , 955.94482421875
2025-07-23 10:10:45, 80.82655181884766, 42.36213302612305 , 955.94287109375
2025-07-23 10:10:46, 80.85914001464843, 42.240806579589844, 955.96240234375
2025-07-23 10:10:47, 80.79396705627441, 42.29369354248047 , 955.95458984375
2025-07-23 10:10:48, 80.79396705627441, 42.24391555786133 , 955.9365234375
2025-07-23 10:10:49, 80.85914001464843, 42.215919494628906, 955.962158203125
2025-07-23 10:10:50, 80.79396705627441, 42.39946365356445 , 955.94970703125
2025-07-23 10:10:51, 80.72879409790039, 42.34657669067383 , 955.960693359375
2025-07-23 10:10:52, 80.66362113952637, 42.56745910644531 , 955.949951171875
2025-07-23 10:10:53, 80.63103637695312, 44.95668411254883 , 955.95068359375
2025-07-23 10:10:54, 80.85914001464843, 42.377685546875   , 955.93701171875
2025-07-23 10:10:55, 80.79396705627441, 42.02303695678711 , 955.952392578125
2025-07-23 10:10:56, 80.85914001464843, 42.11325454711914 , 955.956787109375
2025-07-23 10:10:57, 80.92431297302247, 41.87059783935547 , 955.94384765625
2025-07-23 10:10:58, 80.72879409790039, 42.072811126708984, 955.938720703125
2025-07-23 10:10:59, 80.89172477722168, 41.87371063232422 , 955.920654296875
2025-07-23 10:11:00, 80.92431297302247, 43.51008224487305 , 955.9345703125
2025-07-23 10:11:01, 80.82655181884766, 42.05725860595703 , 955.951416015625
2025-07-23 10:11:02, 81.05465545654297, 42.0697021484375  , 955.959228515625
2025-07-23 10:11:03, 80.92431297302247, 42.004371643066406, 955.93994140625
2025-07-23 10:11:04, 80.9568977355957 , 41.9608154296875  , 955.9306640625
2025-07-23 10:11:05, 81.2175895690918 , 42.29058074951172 , 955.934326171875
2025-07-23 10:11:06, 81.05465545654297, 41.901710510253906, 955.958740234375
2025-07-23 10:11:07, 80.9568977355957 , 40.20311737060547 , 955.944091796875
2025-07-23 10:11:08, 81.02207069396972, 42.110145568847656, 955.92578125
2025-07-23 10:11:09, 81.08724365234374, 41.71194076538086 , 955.90771484375
2025-07-23 10:11:10, 81.15241661071778, 41.895484924316406, 955.88427734375
2025-07-23 10:11:11, 81.02207069396972, 41.69638442993164 , 955.924560546875
2025-07-23 10:11:12, 80.92431297302247, 41.66216278076172 , 955.91015625
2025-07-23 10:11:13, 80.98948593139649, 41.817710876464844, 955.9228515625
2025-07-23 10:11:14, 81.15241661071778, 41.83638000488281 , 955.906005859375
2025-07-23 10:11:15, 80.98948593139649, 42.14125442504883 , 955.898193359375
2025-07-23 10:11:16, 81.15241661071778, 41.540836334228516, 955.880859375
2025-07-23 10:11:17, 81.08724365234374, 41.66216278076172 , 955.876708984375
2025-07-23 10:11:18, 81.119828414917  , 41.73060607910156 , 955.89794921875
2025-07-23 10:11:19, 81.31534729003906, 41.7741584777832  , 955.8935546875
2025-07-23 10:11:20, 81.119828414917  , 41.78349304199219 , 955.904541015625
2025-07-23 10:11:21, 81.119828414917  , 41.587501525878906, 955.88525390625
2025-07-23 10:11:22, 81.15241661071778, 41.50350570678711 , 955.870361328125
2025-07-23 10:11:23, 80.85914001464843, 41.54705810546875 , 955.869140625
2025-07-23 10:11:24, 81.25017433166504, 42.62345504760742 , 955.890625
2025-07-23 10:11:25, 81.15241661071778, 41.78660202026367 , 955.88720703125
2025-07-23 10:11:26, 81.15241661071778, 41.276405334472656, 955.915771484375
2025-07-23 10:11:27, 81.31534729003906, 41.81460189819336 , 955.88720703125
2025-07-23 10:11:28, 81.15241661071778, 41.609275817871094, 955.88818359375
2025-07-23 10:11:29, 81.15241661071778, 41.72127151489258 , 955.88037109375
2025-07-23 10:11:30, 81.28275909423829, 41.609275817871094, 955.909912109375
2025-07-23 10:11:31, 81.15241661071778, 41.484840393066406, 955.91015625
2025-07-23 10:11:32, 81.08724365234374, 41.45995330810547 , 955.875732421875
2025-07-23 10:11:33, 81.25017433166504, 41.51594924926758 , 955.859375
2025-07-23 10:11:34, 81.18500137329102, 42.98121643066406 , 955.84716796875
2025-07-23 10:11:35, 81.25017433166504, 41.47550582885742 , 955.890380859375
2025-07-23 10:11:36, 81.47827796936035, 41.45372772216797 , 955.9013671875
2025-07-23 10:11:37, 81.31534729003906, 41.375953674316406, 955.909912109375
2025-07-23 10:11:38, 81.34793205261231, 41.391510009765625, 955.8955078125
2025-07-23 10:11:39, 81.28275909423829, 41.1519660949707  , 955.892822265625
2025-07-23 10:11:40, 81.38051681518554, 41.66527557373047 , 955.88525390625
2025-07-23 10:11:41, 81.34793205261231, 41.46306228637695 , 955.894775390625
2025-07-23 10:11:42, 81.38051681518554, 40.140899658203125, 955.881591796875
2025-07-23 10:11:43, 81.31534729003906, 41.32617950439453 , 955.895263671875
2025-07-23 10:11:44, 81.41310501098633, 41.41950988769531 , 955.90185546875
2025-07-23 10:11:45, 81.38051681518554, 41.375953674316406, 955.90869140625
2025-07-23 10:11:46, 81.47827796936035, 41.16129684448242 , 955.889892578125
2025-07-23 10:11:47, 81.47827796936035, 41.30751419067383 , 955.87744140625
2025-07-23 10:11:48, 81.44569320678711, 41.24840545654297 , 955.86962890625
2025-07-23 10:11:49, 81.64120864868164, 40.560882568359375, 955.87646484375
2025-07-23 10:11:50, 81.25017433166504, 40.554656982421875, 955.902099609375
2025-07-23 10:11:51, 81.44569320678711, 41.22040557861328 , 955.90234375
2025-07-23 10:11:52, 81.64120864868164, 40.987083435058594, 955.86083984375
2025-07-23 10:11:53, 81.47827796936035, 41.28262710571289 , 955.884521484375
2025-07-23 10:11:54, 81.60862045288086, 41.28262710571289 , 955.862060546875
2025-07-23 10:11:55, 81.70638160705566, 41.13018798828125 , 955.884033203125
2025-07-23 10:11:56, 81.73896636962891, 41.20484924316406 , 955.864501953125
2025-07-23 10:11:57, 81.96707000732422, 41.32617950439453 , 955.896484375
2025-07-23 10:11:58, 81.31534729003906, 40.977752685546875, 955.849853515625
2025-07-23 10:11:59, 81.60862045288086, 40.99641418457031 , 955.88671875
2025-07-23 10:12:00, 81.64120864868164, 40.83153533935547 , 955.864501953125
2025-07-23 10:12:01, 81.73896636962891, 41.43195343017578 , 955.87255859375
2025-07-23 10:12:02, 81.73896636962891, 41.494171142578125, 955.891357421875
2025-07-23 10:12:03, 81.77155456542968, 41.05863571166992 , 955.891357421875
2025-07-23 10:12:04, 81.80413932800293, 41.05241394042969 , 955.87939453125
2025-07-23 10:12:05, 81.57603569030762, 41.061744689941406, 955.869140625
2025-07-23 10:12:06, 81.83672409057617, 41.08663558959961 , 955.874755859375
2025-07-23 10:12:07, 81.80413932800293, 41.179962158203125, 955.854736328125
2025-07-23 10:12:08, 81.41310501098633, 40.613765716552734, 955.867919921875
2025-07-23 10:12:09, 81.83672409057617, 40.69465255737305 , 955.854248046875
2025-07-23 10:12:10, 81.57603569030762, 40.91242218017578 , 955.837646484375
2025-07-23 10:12:11, 81.86931228637695, 40.467552185058594, 955.856689453125
2025-07-23 10:12:13, 81.80413932800293, 41.064857482910156, 955.872802734375
2025-07-23 10:12:14, 81.96707000732422, 40.871978759765625, 955.8544921875
2025-07-23 10:12:15, 81.96707000732422, 41.18929672241211 , 955.84326171875
2025-07-23 10:12:16, 81.83672409057617, 40.93730926513672 , 955.823486328125
2025-07-23 10:12:17, 82.2277618408203 , 40.853309631347656, 955.843017578125
2025-07-23 10:12:18, 81.90189704895019, 40.71331787109375 , 955.8505859375
2025-07-23 10:12:19, 81.96707000732422, 41.14885330200195 , 955.81884765625
2025-07-23 10:12:20, 81.93448524475097, 40.153343200683594, 955.83251953125
2025-07-23 10:12:21, 81.90189704895019, 40.69465255737305 , 955.853759765625
2025-07-23 10:12:22, 81.83672409057617, 40.79420471191406 , 955.8408203125
2025-07-23 10:12:23, 82.1300006866455 , 40.763092041015625, 955.846923828125
2025-07-23 10:12:24, 81.90189704895019, 40.647987365722656, 955.842529296875
2025-07-23 10:12:25, 82.06482772827148, 41.0244140625     , 955.868896484375
2025-07-23 10:12:26, 81.96707000732422, 40.68843078613281 , 955.821533203125
2025-07-23 10:12:27, 81.999658203125  , 40.93419647216797 , 955.833984375
2025-07-23 10:12:28, 81.96707000732422, 42.374576568603516, 955.827392578125
2025-07-23 10:12:29, 82.1300006866455 , 40.65732192993164 , 955.84033203125
2025-07-23 10:12:30, 82.16258888244629, 40.79420471191406 , 955.859619140625
2025-07-23 10:12:31, 82.09741592407227, 40.94664001464844 , 955.839111328125
2025-07-23 10:12:32, 82.19517364501954, 40.778648376464844, 955.84912109375
2025-07-23 10:12:33, 82.03224296569825, 40.62932205200195 , 955.850341796875
2025-07-23 10:12:34, 82.09741592407227, 40.8377571105957  , 955.83349609375
2025-07-23 10:12:35, 81.999658203125  , 40.604434967041016, 955.8505859375
2025-07-23 10:12:36, 82.3906925201416 , 40.710205078125   , 955.85400390625
2025-07-23 10:12:37, 82.09741592407227, 40.57643508911133 , 955.853515625
2025-07-23 10:12:38, 82.1300006866455 , 39.49070739746094 , 955.854736328125
2025-07-23 10:12:39, 82.1300006866455 , 40.72887420654297 , 955.81640625
2025-07-23 10:12:40, 82.16258888244629, 40.781761169433594, 955.8251953125
2025-07-23 10:12:41, 82.09741592407227, 40.672874450683594, 955.824462890625
2025-07-23 10:12:42, 82.19517364501954, 40.45821762084961 , 955.82958984375
2025-07-23 10:12:43, 82.19517364501954, 40.62310028076172 , 955.8359375
2025-07-23 10:12:44, 82.19517364501954, 40.84397888183594 , 955.833251953125
2025-07-23 10:12:45, 82.1300006866455 , 40.66976547241211 , 955.83056640625
2025-07-23 10:12:46, 82.2929313659668 , 40.259117126464844, 955.835693359375
2025-07-23 10:12:47, 82.2929313659668 , 39.506263732910156, 955.84619140625
2025-07-23 10:12:48, 82.2277618408203 , 40.710205078125   , 955.839111328125
2025-07-23 10:12:49, 82.2277618408203 , 40.38666534423828 , 955.828369140625
2025-07-23 10:12:50, 82.42327728271485, 40.66976547241211 , 955.848876953125
2025-07-23 10:12:51, 82.26034660339356, 40.66665267944336 , 955.81982421875
2025-07-23 10:12:52, 82.26034660339356, 40.62310028076172 , 955.84130859375
2025-07-23 10:12:53, 82.1300006866455 , 40.451995849609375, 955.859130859375
2025-07-23 10:12:54, 82.58620796203613, 40.8004264831543  , 955.85107421875
2025-07-23 10:12:55, 82.26034660339356, 40.405330657958984, 955.83544921875
2025-07-23 10:12:56, 82.16258888244629, 40.26533889770508 , 955.83056640625
2025-07-23 10:12:57, 82.26034660339356, 40.59821319580078 , 955.835205078125
2025-07-23 10:12:58, 82.32551956176758, 40.750648498535156, 955.854248046875
2025-07-23 10:12:59, 82.35810432434081, 40.405330657958984, 955.821044921875
2025-07-23 10:13:00, 82.26034660339356, 40.560882568359375, 955.8193359375
2025-07-23 10:13:01, 82.42327728271485, 40.613765716552734, 955.8251953125
2025-07-23 10:13:02, 82.5210350036621 , 40.234230041503906, 955.8388671875
2025-07-23 10:13:03, 82.45586547851562, 40.50177001953125 , 955.8544921875
2025-07-23 10:13:04, 82.55362319946289, 40.439552307128906, 955.826904296875
2025-07-23 10:13:05, 82.5210350036621 , 39.89202117919922 , 955.84423828125
2025-07-23 10:13:06, 82.42327728271485, 40.51732635498047 , 955.83642578125
2025-07-23 10:13:07, 82.45586547851562, 40.20311737060547 , 955.81494140625
2025-07-23 10:13:08, 82.5210350036621 , 40.38044357299805 , 955.830322265625
2025-07-23 10:13:09, 82.55362319946289, 40.26844787597656 , 955.845458984375
2025-07-23 10:13:10, 82.45586547851562, 40.17512130737305 , 955.833984375
2025-07-23 10:13:11, 82.5210350036621 , 40.10979080200195 , 955.85009765625
2025-07-23 10:13:12, 82.5210350036621 , 40.20934295654297 , 955.824462890625
2025-07-23 10:13:13, 82.71655387878418, 39.77691650390625 , 955.81884765625
2025-07-23 10:13:14, 82.68396911621093, 40.395999908447266, 955.854736328125
2025-07-23 10:13:15, 82.55362319946289, 40.8377571105957  , 955.864013671875
2025-07-23 10:13:16, 82.55362319946289, 40.395999908447266, 955.86474609375
2025-07-23 10:13:17, 82.68396911621093, 40.125343322753906, 955.850341796875
2025-07-23 10:13:18, 82.48845024108887, 40.131568908691406, 955.83984375
2025-07-23 10:13:19, 82.65138092041016, 40.196895599365234, 955.849609375
2025-07-23 10:13:20, 82.81431159973144, 40.140899658203125, 955.873291015625
2025-07-23 10:13:21, 83.04241523742675, 40.06001281738281 , 955.8447265625
2025-07-23 10:13:22, 82.74913864135742, 40.00090789794922 , 955.8408203125
2025-07-23 10:13:23, 82.61879272460938, 41.50350570678711 , 955.85888671875
2025-07-23 10:13:24, 82.81431159973144, 39.68358612060547 , 955.84814453125
2025-07-23 10:13:25, 82.81431159973144, 40.035125732421875, 955.857421875
2025-07-23 10:13:26, 82.68396911621093, 39.9666862487793  , 955.87744140625
2025-07-23 10:13:27, 83.00983047485352, 40.290225982666016, 955.852294921875
2025-07-23 10:13:28, 82.97724227905273, 40.150230407714844, 955.84375
2025-07-23 10:13:29, 82.84689636230469, 40.038238525390625, 955.8447265625
2025-07-23 10:13:30, 82.7817268371582 , 40.349334716796875, 955.840576171875
2025-07-23 10:13:31, 82.84689636230469, 40.025794982910156, 955.8349609375
2025-07-23 10:13:32, 83.075           , 37.418800354003906, 955.8525390625
2025-07-23 10:13:33, 82.9446575164795 , 40.038238525390625, 955.818603515625
2025-07-23 10:13:34, 83.00983047485352, 39.8826904296875  , 955.815673828125
2025-07-23 10:13:35, 83.00983047485352, 39.56536865234375 , 955.827392578125
2025-07-23 10:13:36, 82.97724227905273, 40.01023864746094 , 955.8310546875
2025-07-23 10:13:37, 82.91207275390624, 39.916908264160156, 955.85009765625
2025-07-23 10:13:38, 82.97724227905273, 39.79869079589844 , 955.861083984375
2025-07-23 10:13:39, 82.71655387878418, 40.140899658203125, 955.87548828125
2025-07-23 10:13:40, 83.04241523742675, 39.96979522705078 , 955.835205078125
2025-07-23 10:13:41, 82.97724227905273, 40.09112548828125 , 955.844970703125
2025-07-23 10:13:42, 83.14017295837402, 41.805267333984375, 955.84033203125
2025-07-23 10:13:43, 83.075           , 39.976016998291016, 955.842041015625
2025-07-23 10:13:44, 83.40086135864257, 39.826690673828125, 955.83154296875
2025-07-23 10:13:45, 82.97724227905273, 39.75825119018555 , 955.83447265625
2025-07-23 10:13:46, 83.10758819580079, 39.944908142089844, 955.854248046875
2025-07-23 10:13:47, 83.20534591674804, 40.035125732421875, 955.8056640625
2025-07-23 10:13:48, 83.20534591674804, 39.85780334472656 , 955.813232421875
2025-07-23 10:13:49, 83.04241523742675, 39.79247283935547 , 955.83056640625
2025-07-23 10:13:50, 83.3356918334961 , 40.14712142944336 , 955.786865234375
2025-07-23 10:13:51, 83.17276115417481, 39.84846878051758 , 955.8212890625
2025-07-23 10:13:52, 83.17276115417481, 40.05690383911133 , 955.8369140625
2025-07-23 10:13:53, 83.17276115417481, 40.26222610473633 , 955.824951171875
2025-07-23 10:13:54, 83.20534591674804, 39.86091232299805 , 955.8359375
2025-07-23 10:13:55, 83.23793411254883, 39.929351806640625, 955.82958984375
2025-07-23 10:13:56, 83.27051887512206, 39.976016998291016, 955.85498046875
2025-07-23 10:13:57, 83.3356918334961 , 39.80180358886719 , 955.849853515625
2025-07-23 10:13:58, 83.46603775024414, 40.04134750366211 , 955.814208984375
2025-07-23 10:13:59, 83.20534591674804, 40.07868194580078 , 955.83544921875
2025-07-23 10:14:00, 83.30310363769532, 38.16543197631836 , 955.817138671875
2025-07-23 10:14:01, 83.43344955444336, 38.80940246582031 , 955.8046875
2025-07-23 10:14:02, 83.3356918334961 , 39.817359924316406, 955.86279296875
2025-07-23 10:14:03, 83.23793411254883, 39.80180358886719 , 955.857666015625
2025-07-23 10:14:04, 83.43344955444336, 39.78936004638672 , 955.843994140625
2025-07-23 10:14:05, 83.46603775024414, 39.74580383300781 , 955.810546875
